Date,Close,return,log_return,return_lag_1,Close_lag_1,return_lag_3,Close_lag_3,rolling_mean_2,rolling_std_2,rolling_mean_3,rolling_std_3,sma_3,ema_3,sma_10,ema_10,volume_change,volume_rolling_mean_10,day_of_week,week_of_year,month,is_month_end
2025-01-16,227.23228454589844,-0.040400196921681064,-0.04123895322887482,0.01948486578348478,236.79901123046875,-0.010398017677105166,233.3446502685547,-0.010877043722695018,0.04293822420318407,-0.008847924041616566,0.030564645080580783,232.0869903564453,231.35576340556145,237.70293426513672,236.12733110096656,0.8015439847358907,48188330.0,3,3,1,0
2025-01-17,228.94451904296875,0.007535172655998457,0.007506925054144697,-0.04123895322887482,227.23228454589844,-0.0047896846794596645,232.22967529296875,-0.016866014087365058,0.03446854108881716,-0.004749054130415113,0.03216368010956961,230.99193827311197,230.1501412242651,236.32217712402343,234.82136527223966,-0.045580281803980216,49463090.0,4,3,1,0
2025-01-21,221.6375732421875,-0.031915792661583064,-0.032436204436978575,0.007506925054144697,228.94451904296875,0.01948486578348478,236.79901123046875,-0.012464639691416937,0.028244057724985637,-0.02205607753723623,0.02597788363660143,225.93812561035156,225.8938572332263,234.25950317382814,232.42431217586653,0.43192924922943043,55245720.0,1,4,1,0
2025-01-22,222.82223510742188,0.005345040770410758,0.00533080673845155,-0.032436204436978575,221.6375732421875,-0.04123895322887482,227.23228454589844,-0.013552698849263512,0.026705309707294764,-0.006532824214794108,0.022459356690080572,224.46810913085938,224.3580461703241,232.15203552246095,230.67847998160386,-0.3461176868861553,57153810.0,2,4,1,0
2025-01-23,222.6529998779297,-0.0007595078175686165,-0.0007597963897555634,0.00533080673845155,222.82223510742188,0.007506925054144697,228.94451904296875,0.0022855051743479937,0.004306706773471242,-0.009288398029427528,0.020276576824686844,222.37093607584634,223.5055230241269,230.30538635253907,229.2193017809358,-0.06068785915339214,59091690.0,3,4,1,0
2025-01-24,221.77694702148438,-0.003934610613490985,-0.003942371558049726,-0.0007597963897555634,222.6529998779297,-0.032436204436978575,221.6375732421875,-0.0023510839739026446,0.0022504204831367077,0.00020954626354875486,0.004711971754405153,222.41739400227866,222.64123502280563,228.32235260009764,227.86614637012644,-0.09192194545345878,60798590.0,4,4,1,0
2025-01-27,228.82508850097656,0.031780316097549166,0.03128577240041234,-0.003942371558049726,221.77694702148438,0.00533080673845155,222.82223510742188,0.013671700421181307,0.024910059481644427,0.008861201484202351,0.0194853337604866,224.41834513346353,225.7331617618911,227.62649841308593,228.04049948482646,0.7343152113700893,64113840.0,0,5,1,0
2025-01-28,237.187255859375,0.03654392712433174,0.035892032241055534,0.03128577240041234,228.82508850097656,-0.0007597963897555634,222.6529998779297,0.033588902320733936,0.0032571175692260603,0.021078477694472717,0.02179074529285243,229.26309712727866,231.46020881063305,228.01075897216796,229.7035460983807,-0.2019303545940795,66721530.0,1,5,1,0
2025-01-29,238.28231811523438,0.004616868018021192,0.004606242973274919,0.035892032241055534,237.187255859375,-0.003942371558049726,221.77694702148438,0.020249137607165228,0.022122393746020985,0.023928015871580933,0.01689090253302544,234.76488749186197,234.8712634629337,228.61602325439452,231.26332282871772,-0.39918713576972453,67326610.0,2,5,1,0
2025-01-30,236.52027893066406,-0.007394754249948954,-0.007422230984761187,0.004606242973274919,238.28231811523438,0.03128577240041234,228.82508850097656,-0.001407994005743134,0.008505415503053127,0.011025348076523089,0.02235922700908385,237.32995096842447,235.6957711967989,228.58815002441406,232.21913302907157,0.22363315386458726,68909240.0,3,5,1,0
2025-01-31,234.93743896484375,-0.006692195582452931,-0.0067146887318452544,-0.007422230984761187,236.52027893066406,0.035892032241055534,237.187255859375,-0.007068459858303221,0.0005003079250129354,-0.0031768922477771744,0.006749670318749012,236.58001200358072,235.31660508082132,229.3586654663086,232.71337047193921,0.8139217331467186,71829310.0,4,5,1,1
2025-02-03,226.98341369628906,-0.03385592906605628,-0.03444231413657978,-0.0067146887318452544,234.93743896484375,0.004606242973274919,238.28231811523438,-0.020578501434212516,0.019606391949888172,-0.016193077951062073,0.01580826113226947,232.81371053059897,231.1500093885552,229.1625549316406,231.67156014909372,-0.27631294832200537,72286810.0,0,6,2,0
2025-02-04,231.75184631347656,0.021007846077986114,0.02079022385230215,-0.03444231413657978,226.98341369628906,-0.007422230984761187,236.52027893066406,-0.006826045142138814,0.039055302154082004,-0.006788926338707628,0.02761634383096404,231.22423299153647,231.45092785101588,230.17398223876953,231.68615763352696,-0.38317458970509133,66986500.0,1,6,2,0
2025-02-05,231.42333984375,-0.0014174923520661187,-0.0014184979447424899,0.02079022385230215,231.75184631347656,-0.0067146887318452544,234.93743896484375,0.00968586295377983,0.015703937784175753,-0.005023529409673371,0.027792184190356062,230.05286661783853,231.43713384738294,231.03409271240236,231.63837258084024,-0.12086368608725173,64535880.0,2,6,2,0
2025-02-06,232.16995239257812,0.003226176535747083,0.0032209835941272038,-0.0014184979447424899,231.42333984375,-0.03444231413657978,226.98341369628906,0.000901242824692357,0.0032806088573245668,0.007530903167228956,0.011714878830341592,231.7817128499349,231.80354311998053,231.98578796386718,231.73502345570165,-0.24469779380771983,61504930.0,3,6,2,0
2025-02-07,226.60513305664062,-0.02396873186469839,-0.024260656058344453,0.0032209835941272038,232.16995239257812,0.02079022385230215,231.75184631347656,-0.010519836232108625,0.019432453756387826,-0.007486056802986578,0.014711273988705656,230.0661417643229,229.20433808831058,232.4686065673828,230.80231611041782,0.32687725770501874,60005860.0,4,6,2,0
2025-02-10,226.8741912841797,0.001187343922486539,0.001186639587161788,-0.024260656058344453,226.60513305664062,-0.0014184979447424899,231.42333984375,-0.011537008235591333,0.017993955313796366,-0.006617677625685152,0.015313087698636409,228.5497589111328,228.03926468624513,232.2735168457031,230.08811159655633,-0.16600515775476488,53831080.0,0,7,2,0
2025-02-11,231.8272705078125,0.021831831975231752,0.021596930272569727,0.001186639587161788,226.8741912841797,0.0032209835941272038,232.16995239257812,0.011391784929865758,0.014432254949640582,-0.0004923620662043102,0.022974852359445453,228.43553161621094,229.93326759702882,231.73751831054688,230.4043223076938,0.622147869886096,51632160.0,1,7,2,0
2025-02-12,236.06277465820312,0.018270085918334233,0.01810519327212046,0.021596930272569727,231.8272705078125,-0.024260656058344453,226.60513305664062,0.019851061772345094,0.0024690309111376598,0.013629587710617327,0.01091642227665873,231.58807881673178,232.99802112761597,231.51556396484375,231.43313182596822,-0.15776903258473818,51607880.0,2,7,2,0
2025-02-13,240.7069091796875,0.01967330312120863,0.019482284934405184,0.01810519327212046,236.06277465820312,0.001186639587161788,226.8741912841797,0.018793739103262822,0.000973750852717003,0.01972813615969846,0.0017588032689332916,236.19898478190103,236.85246515365174,231.9342269897461,233.11927316300807,0.1850174500975834,51403460.0,3,7,2,0
2025-02-14,243.7664337158203,0.01271058045886364,0.012630479073681916,0.019482284934405184,240.7069091796875,0.021596930272569727,231.8272705078125,0.01605638200404355,0.004844958387491156,0.01673931909340252,0.0036243647846659786,240.17870585123697,240.30944943473602,232.81712646484374,235.05512053624665,-0.23721185285214152,45397100.0,4,7,2,0
2025-02-18,243.6368865966797,-0.0005314395307257636,-0.0005315807947642526,0.012630479073681916,243.7664337158203,0.01810519327212046,236.06277465820312,0.006049449139458832,0.009306981787361609,0.010527061071107619,0.010171380477913066,242.70340983072916,241.97316801570787,234.48247375488282,236.61544163814355,0.19381507328309233,42973020.0,1,8,2,0
2025-02-19,244.03550720214844,0.0016361258388950528,0.0016347888431449042,-0.0005315807947642526,243.6368865966797,0.019482284934405184,240.7069091796875,0.0005516040241903258,0.0015318546615222407,0.004577895707354192,0.007057362361800419,243.8129425048828,243.00433760892815,235.71083984375,237.9645444679626,-0.3403819960059399,41686710.0,2,8,2,0
2025-02-20,244.99224853515625,0.00392050052050541,0.003912835385917536,0.0016347888431449042,244.03550720214844,0.012630479073681916,243.7664337158203,0.00277381211453122,0.0016108221582531248,0.001672014478099398,0.0022224419244830334,244.22154744466147,243.9982930720422,237.06773071289064,239.24230884381598,0.0034995435377993545,40956370.0,3,8,2,0
2025-02-21,244.71319580078125,-0.0011390267898004902,-0.0011396759738199111,0.003912835385917536,244.99224853515625,-0.0005315807947642526,243.6368865966797,0.0013865797060488123,0.0035726650444924254,0.0014693160850808452,0.0025303169140080037,244.58031717936197,244.35574443641173,238.32205505371093,240.2370155632642,0.646117047117762,43283580.0,4,8,2,0
2025-02-24,246.25791931152344,0.006312383382871323,0.006292543737412716,-0.0011396759738199111,244.71319580078125,0.0016347888431449042,244.03550720214844,0.0025764338817964028,0.005255372957080923,0.0030219010498367827,0.00379536499594103,245.3211212158203,245.30683187396758,240.2873336791992,241.33172533567497,-0.035170891810502036,44445500.0,0,9,2,0
2025-02-25,246.1981201171875,-0.0002428315584860341,-0.0002428610468428315,0.006292543737412716,246.25791931152344,0.003912835385917536,244.99224853515625,0.0030248413452849425,0.004621229040746112,0.001636668905583327,0.004056962791369796,245.72307840983072,245.75247599557753,242.2197265625,242.21652438685905,-0.06454962748215343,45935270.0,1,9,2,0
2025-02-26,239.54087829589844,-0.027040181371491778,-0.027412494022429096,-0.0002428610468428315,246.1981201171875,-0.0011396759738199111,244.71319580078125,-0.013827677534635964,0.019211831719386688,-0.007120937110619734,0.017874236776780603,243.99897257486978,242.64667714573798,242.9910873413086,241.73004327941166,-0.07455642499057558,45006790.0,2,9,2,0
2025-02-27,236.49131774902344,-0.012730856497520038,-0.01281258826903328,-0.027412494022429096,239.54087829589844,0.006292543737412716,246.25791931152344,-0.02011254114573119,0.010323692362910681,-0.013489314446101732,0.013597452252023662,240.74343872070312,239.5689974473807,243.03394165039063,240.77754772843195,-0.07381801159482915,44597820.0,3,9,2,0
2025-02-28,241.01583862304688,0.019131868844441513,0.01895115592125555,-0.01281258826903328,236.49131774902344,-0.0002428610468428315,246.1981201171875,0.0030692838261111334,0.02246035891282803,-0.007091308790068938,0.023705416853167675,239.0160115559896,240.29241803521379,243.06483459472656,240.82087334563465,0.38100676490027596,44919750.0,4,9,2,1
2025-03-03,237.21881103515625,-0.015754265817481183,-0.01587968324691134,0.01895115592125555,241.01583862304688,-0.027412494022429096,239.54087829589844,0.0015357363371721038,0.024629122570228812,-0.00324703853156302,0.01928527017245779,238.2419891357422,238.75561453518503,242.41007232666016,240.16595292554766,-0.16978396506279758,45548530.0,0,10,3,0
2025-03-04,235.1259765625,-0.008822379909602107,-0.008861527523398305,-0.01587968324691134,237.21881103515625,-0.01281258826903328,236.49131774902344,-0.012370605385154823,0.004962585503519247,-0.0019300182830180284,0.01842094472473616,237.78687540690103,236.94079554884252,241.5589813232422,239.2495935868117,0.14017675483214642,46046090.0,1,10,3,0
2025-03-05,234.93663024902344,-0.000805297297409524,-0.0008056217234627742,-0.008861527523398305,235.1259765625,0.01895115592125555,241.01583862304688,-0.004833574623430539,0.005696385619734443,-0.00851561083125747,0.007542981934991254,235.7604726155599,235.93871289893298,240.6490936279297,238.46541843448654,-0.12213256601998956,47548430.0,2,10,3,0
2025-03-06,234.5280303955078,-0.0017391917687868963,-0.0017407059186438627,-0.0008056217234627742,234.93663024902344,-0.01587968324691134,237.21881103515625,-0.0012731638210533185,0.0006612043753927851,-0.0038026183885016434,0.00440602052189672,234.8635457356771,235.2333716472204,239.60267181396483,237.74952970012677,-0.04355927466142684,48833780.0,3,10,3,0
2025-03-07,238.2552947998047,0.015892618029543115,0.01576765265480771,-0.0017407059186438627,234.5280303955078,-0.008861527523398305,235.1259765625,0.007013473368081924,0.012380279074733224,0.004407108337567029,0.009849622886233344,235.90665181477866,236.74433322351254,238.95688171386718,237.8414869909773,0.024423073517170435,48141400.0,4,10,3,0
2025-03-10,226.70477294921875,-0.04847960193409895,-0.049694154676558876,0.01576765265480771,238.2552947998047,-0.0008056217234627742,234.93663024902344,-0.016963251010875584,0.04628848787273657,-0.011889069313465006,0.033890323316062496,233.1626993815104,231.72455308636563,237.0015670776367,235.81662989247573,0.5575014695204177,50215880.0,0,11,3,0
2025-03-11,220.08741760253906,-0.029189307576519163,-0.029623791157092967,-0.049694154676558876,226.70477294921875,-0.0017407059186438627,234.5280303955078,-0.03965897291682592,0.01419189014549346,-0.021183431059614705,0.033537170627582276,228.34916178385416,225.90598534445235,234.39049682617187,232.95677311248724,0.05641920767241282,53028290.0,1,11,3,0
2025-03-12,216.2405548095703,-0.017478794721086155,-0.017633352490547143,-0.029623791157092967,220.08741760253906,0.01576765265480771,238.2552947998047,-0.02362857182382005,0.00847852049051595,-0.03231709944139966,0.01619920341678503,221.01091512044272,221.07327007701133,232.06046447753906,229.91746069377507,-0.17849177933577975,54839680.0,2,11,3,0
2025-03-13,208.96543884277344,-0.03364362421842482,-0.034222593774965976,-0.017633352490547143,216.2405548095703,-0.049694154676558876,226.70477294921875,-0.025927973132756556,0.0117303650069524,-0.027159912474202023,0.008564680684133514,215.0978037516276,215.01935445989238,229.30787658691406,226.10800217541112,-0.018852871817418793,56861150.0,3,11,3,0
2025-03-14,212.76246643066406,0.018170600884615862,0.018007488453667148,-0.034222593774965976,208.96543884277344,-0.029623791157092967,220.08741760253906,-0.00810755266064941,0.03693224532579747,-0.01128281927061532,0.026687868527395322,212.6561533610026,213.89091044527822,226.48253936767577,223.68154113091165,-0.02054317945910189,57188570.0,4,11,3,0
2025-03-17,213.27072143554688,0.0023888377184630993,0.0023859889815187113,0.018007488453667148,212.76246643066406,-0.017633352490547143,216.2405548095703,0.010196738717592933,0.01104606820905822,-0.004609705446593368,0.026808584032005187,211.66620890299478,213.58081594041255,224.08773040771484,221.7886648226635,-0.200210955020663,57277510.0,0,12,3,0
2025-03-18,211.96517944335938,-0.006121524714690185,-0.006140338063989639,0.0023859889815187113,213.27072143554688,-0.034222593774965976,208.96543884277344,-0.0018771745412354602,0.006029023672493209,0.004751046457065412,0.012246407801012181,212.66612243652344,212.77299769188596,221.7716506958008,220.00257657188092,-0.11734139877770244,56140940.0,1,12,3,0
2025-03-19,214.50648498535156,0.011989259503216054,0.011917957669839472,-0.006140338063989639,211.96517944335938,0.018007488453667148,212.76246643066406,0.00288880980292492,0.012769143370062661,0.0027212028624561866,0.009033813561397422,213.2474619547526,213.63974133861876,219.7286361694336,219.00328719251195,0.2816951197669706,56856720.0,2,12,3,0
2025-03-20,213.37039184570312,-0.005296311389961117,-0.005310386566807167,0.011917957669839472,214.50648498535156,0.0023859889815187113,213.27072143554688,0.003303785551516156,0.012182279038349007,0.0001557443463475605,0.010194824744566103,213.2806854248047,213.50506659216094,217.6128723144531,217.97912440218306,-0.10154379668072677,57225970.0,3,12,3,0
2025-03-21,217.5261688232422,0.019476821228993524,0.019289575343799853,-0.005310386566807167,213.37039184570312,-0.006140338063989639,211.96517944335938,0.006989594388496346,0.017394799883920998,0.008632382148944058,0.01262480836996982,215.13434855143228,215.51561770770155,215.5399597167969,217.89676884237562,0.926365401971639,62011390.0,4,12,3,0
2025-03-24,219.977783203125,0.01127043423393781,0.011207396092650194,0.019289575343799853,217.5261688232422,0.011917957669839472,214.50648498535156,0.015248485718225027,0.005714963755253117,0.008395528289880964,0.012538719308845593,216.95811462402344,217.74670045541328,214.8672607421875,218.27513508978458,-0.5293685818642314,59234220.0,0,13,3,0
2025-03-25,222.9875030517578,0.013681926441879266,0.013589173950517914,0.011207396092650194,219.977783203125,-0.005310386566807167,213.37039184570312,0.012398285021584058,0.0016841712745781809,0.014695381795655993,0.00415309248746196,220.163818359375,220.36710175358553,215.1572692871094,219.1319292646888,-0.2213546428289258,55069840.0,1,13,3,0
2025-03-26,220.77503967285156,-0.009921916468981329,-0.009971466710199878,0.013589173950517914,222.9875030517578,0.019289575343799853,217.5261688232422,0.0018088536201590214,0.01665988878029305,0.0049417011109894144,0.012969970982553295,221.24677530924478,220.57107071321855,215.6107177734375,219.43067661162746,-0.0007972493448059614,52261700.0,2,13,3,0
2025-03-27,223.08714294433594,0.010472666089927918,0.010418207609417592,-0.009971466710199878,220.77503967285156,0.011207396092650194,219.977783203125,0.0002233704496088602,0.014417676977586714,0.0046786382832452135,0.012786044702069588,222.2832285563151,221.82910682877724,217.02288818359375,220.0954886721199,0.07626914562425102,49834350.0,3,13,3,0
2025-03-28,217.1574249267578,-0.02658027683405173,-0.026939919649216035,0.010418207609417592,223.08714294433594,0.013589173950517914,222.9875030517578,-0.008260856019899218,0.026416185117009845,-0.008831059583332768,0.01870515475422012,220.3398691813151,219.49326587776753,217.46238403320314,219.56129526387224,0.07342808156399272,47805450.0,4,13,3,0
2025-03-31,221.37301635742188,0.019412605542204586,0.01922658449597162,-0.026939919649216035,217.1574249267578,-0.009971466710199878,220.77503967285156,-0.0038566675766222042,0.032644648144739045,0.00090162415205773,0.0245104171072746,220.53919474283853,220.4331411175947,218.27261352539062,219.89069909906308,0.6399195350916407,49528040.0,0,14,3,1
2025-04-01,222.4293975830078,0.004771951175297495,0.004760601508669265,0.01922658449597162,221.37301635742188,0.010418207609417592,223.08714294433594,0.011993593002320446,0.010228994666850698,-0.0009842445481917114,0.02361332184191121,220.3199462890625,221.43126935030125,219.31903533935548,220.35228064159847,-0.4423722765787689,48926070.0,1,14,4,0
2025-04-02,223.12701416015625,0.00313635061160511,0.0031314425236710053,0.004760601508669265,222.4293975830078,-0.026939919649216035,217.1574249267578,0.0039460220161701386,0.001151989365923077,0.009039542842770634,0.008859763144838564,222.30980936686197,222.27914175522875,220.18108825683595,220.8567776449726,-0.01391822084053096,47078120.0,2,14,4,0
2025-04-03,202.49755859375,-0.09245610910922164,-0.09701334939472404,0.0031314425236710053,223.12701416015625,0.01922658449597162,221.37301635742188,-0.04694095343552652,0.0708130614660129,-0.029707101787461252,0.05829461180055345,216.0179901123047,212.38835017448937,219.09380493164062,217.51873781747756,1.8802787285655005,52533730.0,3,14,4,0
2025-04-04,187.738037109375,-0.07288740460316123,-0.0756802586596973,-0.09701334939472404,202.49755859375,0.004760601508669265,222.4293975830078,-0.08634680402721068,0.015084773122405378,-0.05652072184358344,0.05274998317867672,204.4542032877604,200.06319364193217,216.1149917602539,212.1040649614589,0.21748324775911576,55712040.0,4,14,4,0
2025-04-07,180.84161376953125,-0.03673428915114274,-0.037425985358315234,-0.0756802586596973,187.738037109375,0.0031314425236710053,223.12701416015625,-0.056553122009006265,0.02704985606077077,-0.07003986447091219,0.03019145612844031,190.35906982421875,190.4524037057317,212.20137481689454,206.41998292656297,0.27444327695219406,67328720.0,0,15,4,0
2025-04-08,171.83241271972656,-0.04981818543870231,-0.05110192895034945,-0.037425985358315234,180.84161376953125,-0.09701334939472404,202.49755859375,-0.044263957154332345,0.009670352453052136,-0.054736057656120655,0.019384337106070723,180.1373545328776,181.14240821272915,207.08586578369142,200.13133379804725,-0.24682316473926302,75965310.0,1,15,4,0
2025-04-09,198.17234802246094,0.15328851458133852,0.1426174394568556,-0.05110192895034945,171.83241271972656,-0.0756802586596973,187.738037109375,0.04575775525325307,0.13698027904790971,0.018029841716063644,0.1081124876755649,183.6154581705729,189.65737811759504,204.82559661865236,199.77515456612247,0.5257046405123305,90958290.0,2,15,4,0
2025-04-10,189.77108764648438,-0.04239370658828934,-0.043318552692602576,0.1426174394568556,198.17234802246094,-0.037425985358315234,180.84161376953125,0.04964944338212651,0.13147660091553054,0.01606565260463453,0.1096661356258618,186.59194946289062,189.7142328820397,201.49399108886718,197.95623330800643,-0.33903085697675495,99436810.0,3,15,4,0
2025-04-11,197.47471618652344,0.04059432148267916,0.03979201289461709,-0.043318552692602576,189.77108764648438,-0.05110192895034945,171.83241271972656,-0.0017632698989927427,0.05876804451497233,0.04636363321962337,0.09314203100331706,195.1393839518229,193.59447453428157,199.52572021484374,197.86868474046406,-0.2826066622907778,104198540.0,4,15,4,0
2025-04-14,201.82984924316406,0.02205412997037559,0.021814455124894435,0.03979201289461709,197.47471618652344,0.1426174394568556,198.17234802246094,0.030803234009755764,0.012712053008143641,0.006095971775636324,0.04372807527387375,196.35855102539062,197.71216188872282,197.57140350341797,198.5888964682277,0.1591680305229317,107803900.0,0,16,4,0
2025-04-15,201.45114135742188,-0.0018763720389342042,-0.0018781346301447992,0.021814455124894435,201.82984924316406,-0.043318552692602576,189.77108764648438,0.009968160247374819,0.016753190879659086,0.019909444463122247,0.020900289421440062,200.25190226236978,199.58165162307233,195.47357788085938,199.10930462989936,-0.49341459395833764,109297020.0,1,16,4,0
2025-04-16,193.6079559326172,-0.03893343751718448,-0.039711608640629455,-0.0018781346301447992,201.45114135742188,0.03979201289461709,197.47471618652344,-0.020794871635387124,0.02675230602865869,-0.006591762715293266,0.031032689988359972,198.96298217773438,196.59480377784476,192.52167205810548,198.10905941221168,0.16337870711028968,111679670.0,2,16,4,0
2025-04-17,196.3087158203125,0.013949632775603904,0.013853232116374709,-0.039711608640629455,193.6079559326172,0.021814455124894435,201.82984924316406,-0.012929188262127373,0.03787606213245519,-0.009245503718133175,0.027531920325138824,197.1226043701172,196.45175979907862,191.9027877807617,197.78172421368456,-0.12669338583415368,106554240.0,3,16,4,0
2025-04-21,192.50172424316406,-0.019392881061038092,-0.019583390012688173,0.013853232116374709,196.3087158203125,-0.0018781346301447992,201.45114135742188,-0.002865078948156732,0.0236432622474325,-0.0151472555123143,0.02705656128021191,194.13946533203125,194.47674202112134,192.37915649414063,196.82172421904446,-0.10394385475235168,98637400.0,0,17,4,0
2025-04-22,199.059326171875,0.03406515943944233,0.03349779096675648,-0.019583390012688173,192.50172424316406,-0.039711608640629455,193.6079559326172,0.006957200477034154,0.03753406302395567,0.009255877690147678,0.026837561259052685,195.9565887451172,196.76803409649818,194.200927734375,197.2285609377409,0.13336685029683903,87888410.0,1,17,4,0
2025-04-23,203.90277099609375,0.024331664923032736,0.024040365702178036,0.03349779096675648,199.059326171875,0.013853232116374709,196.3087158203125,0.028769078334467256,0.006687409537148137,0.012651588885415455,0.028313973963039266,198.4879404703776,200.33540254629597,197.40796356201173,198.4420536756232,-0.0008909627683270083,81095380.0,2,17,4,0
2025-04-24,207.65989685058594,0.018426065698558647,0.018258362688585,0.024040365702178036,203.90277099609375,-0.019583390012688173,192.50172424316406,0.02114936419538152,0.004088493539752308,0.02526550645250651,0.007693228903066304,203.54066467285156,203.99764969844097,198.35671844482422,200.11802516198006,-0.10614556804183706,67386890.0,3,17,4,0
2025-04-25,208.56680297851562,0.004367266581964069,0.004357757748287193,0.018258362688585,207.65989685058594,0.03349779096675648,199.059326171875,0.011308060218436097,0.009829212015879671,0.015552162046350085,0.01011651646584292,206.70982360839844,206.2822263384783,200.23628997802734,201.65416658316835,-0.19210543002684366,59021120.0,4,17,4,0
2025-04-28,209.4238739013672,0.004109335285442661,0.0041009150270929,0.004357757748287193,208.56680297851562,0.024040365702178036,203.90277099609375,0.004229336387690047,0.00018161522984862065,0.008905678487988372,0.00810068011730678,208.5501912434896,207.85305011992273,201.43120574951172,203.06684064102268,0.01362555366893159,54151840.0,0,18,4,0
2025-04-29,210.49021911621094,0.005091803503481929,0.0050788841088107274,0.0041009150270929,209.4238739013672,0.018258362688585,207.65989685058594,0.004589899567951814,0.0006915285694717971,0.004512518961396947,0.0005070198773376261,209.4936319986979,209.17163461806683,202.2972427368164,204.41654581832964,-0.04944106176325591,47699310.0,1,18,4,0
2025-04-30,211.7758331298828,0.006107713788649161,0.006089137306304721,0.0050788841088107274,210.49021911621094,0.004357757748287193,208.56680297851562,0.005584010707557725,0.0007143568866617547,0.005089645480736123,0.0009941548235747476,210.5633087158203,210.47373387397482,203.3297119140625,205.75459805679384,0.4197639813618048,47793570.0,2,18,4,1
2025-05-01,212.59304809570312,0.0038588679064202047,0.0038514415743526203,0.006089137306304721,211.7758331298828,0.0041009150270929,209.4238739013672,0.00497028944032867,0.0015822898262947945,0.00500648766315603,0.0011206031774052857,211.61970011393228,211.53339098483897,205.22822113037108,206.9979526093228,0.09714170961911783,47556900.0,3,18,5,0
2025-05-02,204.65020751953125,-0.03736171359938467,-0.038077548957887154,0.0038514415743526203,212.59304809570312,0.0050788841088107274,210.49021911621094,-0.017113053691767268,0.029648273533653274,-0.009378990025743264,0.024878852146622523,209.67302958170572,208.09179925218513,206.06237030029297,206.57108986572433,0.7608187470910317,52441490.0,4,18,5,0
2025-05-05,198.21221923828125,-0.03145849867088735,-0.03196394591314697,-0.038077548957887154,204.65020751953125,0.006089137306304721,211.7758331298828,-0.03502074743551706,0.004322970170418467,-0.02206335109889383,0.022650085982622185,205.15182495117188,203.1520092452332,206.6334197998047,205.05129520618922,-0.31672022540208655,54669090.0,0,19,5,0
2025-05-06,197.83349609375,-0.0019106952436467317,-0.001912522950301794,-0.03196394591314697,198.21221923828125,0.0038514415743526203,212.59304809570312,-0.016938234431724382,0.021249564961332925,-0.023984672607111967,0.01935791513571738,200.23197428385416,200.4927526694916,206.51083679199218,203.73896809483662,-0.25793084462861404,54493100.0,1,19,5,0
2025-05-07,195.58120727539062,-0.011384769833375663,-0.011450072435285468,-0.001912522950301794,197.83349609375,-0.038077548957887154,204.65020751953125,-0.006681297692793631,0.006744065916734109,-0.01510884709957807,0.015356170732184829,197.20897420247397,198.03697997244112,205.67868041992188,202.25573885493733,0.3381761736940243,56053850.0,2,19,5,0
2025-05-08,196.81698608398438,0.0063184946335548275,0.00629861663508141,-0.011450072435285468,195.58120727539062,-0.03196394591314697,198.21221923828125,-0.002575727900102029,0.012550218398827914,-0.0023546595835019436,0.008882601225483296,196.743896484375,197.42698302821276,204.59438934326172,201.26687471476404,-0.2634763564630337,56370640.0,3,19,5,0
2025-05-09,197.8534393310547,0.005266076204561099,0.005252258912645172,0.00629861663508141,196.81698608398438,-0.001912522950301794,197.83349609375,0.005775437773863291,0.000739886641080221,3.3601037480378466e-05,0.009958904731076555,196.75054423014322,197.64021117963372,203.52305297851564,200.64625009954415,-0.2778388594046225,56193800.0,4,19,5,0
2025-05-12,210.34713745117188,0.0631462266329994,0.061232650231334444,0.005252258912645172,197.8534393310547,-0.011450072435285468,195.58120727539062,0.03324245457198981,0.03958411431492168,0.024261175259687018,0.03202251063400863,201.67252095540366,203.9936743154028,203.6153793334961,202.41004779984007,0.7494918239200743,58697070.0,0,20,5,0
2025-05-13,212.48263549804688,0.010152256278603833,0.010101068282407802,0.061232650231334444,210.34713745117188,0.00629861663508141,196.81698608398438,0.035666859256871124,0.036155488328881644,0.025528659142129147,0.03101546344728092,206.89440409342447,208.23815490672484,203.8146209716797,204.24142738133222,-0.18606587451666623,60205240.0,1,20,5,0
2025-05-14,211.88389587402344,-0.0028178284904083473,-0.0028218060429067464,0.010101068282407802,212.48263549804688,0.005252258912645172,197.8534393310547,0.0036396311197505276,0.009137852067851353,0.02283730415694518,0.03387332461297627,211.57122294108072,210.06102539037414,203.82542724609374,205.63096710727606,-0.04976950180410833,59909170.0,2,20,5,0
2025-05-15,211.00575256347656,-0.004144455183460405,-0.004153067240938037,-0.0028218060429067464,211.88389587402344,0.061232650231334444,210.34713745117188,-0.0034874366419223916,0.0009413438206577652,0.0010420649995210131,0.007873513793336841,211.79076131184897,210.53338897692535,203.66669769287108,206.60820082658523,-0.0871004626382137,58675550.0,3,20,5,0
2025-05-16,210.81614685058594,-0.0008985807760553133,-0.0008989847417762119,-0.004153067240938037,211.00575256347656,0.010101068282407802,212.48263549804688,-0.0025260259913571243,0.0023009838016975013,-0.002624619341873658,0.0016359783538115937,211.23526509602866,210.67476791375566,204.28329162597657,207.37328192185808,0.21560088386502185,54048280.0,4,20,5,0
2025-05-19,208.3413543701172,-0.011739103087880398,-0.01180855039295381,-0.0008989847417762119,210.81614685058594,-0.0028218060429067464,211.88389587402344,-0.006353767567365011,0.007714227851747439,-0.0056202007918893454,0.005600804970411634,210.0544179280599,209.50806114193642,205.29620513916015,207.5492950942688,-0.15706484903512918,51760480.0,0,21,5,0
2025-05-20,206.42539978027344,-0.009196227967492532,-0.009238774316743506,-0.01180855039295381,208.3413543701172,-0.004153067240938037,211.00575256347656,-0.010523662354848657,0.0018171060896190136,-0.007315436483824503,0.005703426775982616,208.5276336669922,207.96673046110493,206.1553955078125,207.34495049172418,-0.07897400331595883,50888490.0,1,21,5,0
2025-05-21,201.6654052734375,-0.023059151208633444,-0.023329172486255694,-0.009238774316743506,206.42539978027344,-0.0008989847417762119,210.81614685058594,-0.0162839734014996,0.009963416095280557,-0.01479216573198433,0.007504085588019713,205.47738647460938,204.81606786727122,206.7638153076172,206.31230590658112,0.3933302899526079,49956000.0,2,21,5,0
2025-05-22,200.9369354248047,-0.003612269777481525,-0.0036188097782022515,-0.023329172486255694,201.6654052734375,-0.01180855039295381,208.3413543701172,-0.013473991132228975,0.013937331130511007,-0.01206225219373381,0.01015399527339607,203.00924682617188,202.87650164603795,207.17581024169922,205.33496581898538,-0.21058978109093118,49582350.0,3,21,5,0
2025-05-23,194.85975646972656,-0.03024421041472658,-0.03071100249656316,-0.0036188097782022515,200.9369354248047,-0.009238774316743506,206.42539978027344,-0.017164906137382707,0.019157073188365792,-0.01921966158700703,0.01400581259497241,199.1540323893229,198.86812905788224,206.8764419555664,203.4303823009383,0.677981875128363,53780250.0,4,21,5,0
2025-05-27,199.78936767578125,0.0252982519087801,0.024983547736617845,-0.03071100249656316,194.85975646972656,-0.023329172486255694,201.6654052734375,-0.0028637273799726574,0.03938199414501708,-0.003115421512715847,0.027850687266716714,198.5286865234375,199.32874836683175,205.82066497802734,202.76837964181883,-0.2823356015141605,53031520.0,1,22,5,0
2025-05-28,199.99891662597656,0.0010488493588676207,0.0010482997006843369,0.024983547736617845,199.78936767578125,-0.0036188097782022515,200.9369354248047,0.01301592371865109,0.016924776195590498,-0.001559718353086984,0.027938719549143304,198.21601359049478,199.66383249640415,204.57229309082032,202.2648409116657,-0.1945122005382982,52374560.0,2,22,5,0
2025-05-29,199.5299072265625,-0.002345059699954133,-0.0023478136587599496,0.0010482997006843369,199.99891662597656,-0.03071100249656316,194.85975646972656,-0.0006497569790378064,0.002401414786140929,0.007894677926180753,0.014896492877053469,199.7727305094401,199.59686986148333,203.3368942260742,201.76758024164693,0.13359373793827478,52581660.0,3,22,5,0
2025-05-30,200.4280242919922,0.004501165153201203,0.004491065205679781,-0.0023478136587599496,199.5299072265625,0.024983547736617845,199.78936767578125,0.0010716257734599158,0.004835817620758502,0.001063850415868065,0.003419465952335415,199.9856160481771,200.01244707673777,202.27912139892578,201.52402461443697,0.3779048501073996,55160700.0,4,22,5,0
2025-06-02,201.27622985839844,0.0042319709002895944,0.0042230412957919876,0.004491065205679781,200.4280242919922,0.0010482997006843369,199.99891662597656,0.004357053250735885,0.00018952152419639666,0.002122097614237282,0.0038733756976857617,200.41138712565103,200.6443384675681,201.32512969970702,201.47897102242996,-0.4998114936620921,53229240.0,0,23,6,0
2025-06-03,202.84292602539062,0.007783811173800226,0.007753673604680153,0.0042230412957919876,201.27622985839844,-0.0023478136587599496,199.5299072265625,0.00598835745023607,0.0024965340474907066,0.005489260035383983,0.001965613342873307,201.5157267252604,201.74363224647936,200.77528686523436,201.72696284115005,0.3093528835540449,53253350.0,1,23,6,0
2025-06-04,202.39389038085938,-0.002213711137626917,-0.0022161650182514507,0.007753673604680153,202.84292602539062,0.004491065205679781,200.4280242919922,0.0027687542932143512,0.007049740497610351,0.0032535166274069056,0.005055136408029381,202.17101542154947,202.06876131366937,200.37213592529298,201.84822239382447,-0.05988581678941651,53364090.0,2,23,6,0
2025-06-05,200.20849609375,-0.010797728543074925,-0.010856447081017082,-0.0022161650182514507,202.39389038085938,0.0042230412957919876,201.27622985839844,-0.006536306049634266,0.006109602037945963,-0.0017729794981961174,0.009312972567228356,201.81510416666666,201.13862870370968,200.22644500732423,201.55009033926547,0.2642441060453169,52955520.0,3,23,6,0
2025-06-06,203.49156188964844,0.016398234140678536,0.016265235095852055,-0.010856447081017082,200.20849609375,0.007753673604680153,202.84292602539062,0.0027043940074174856,0.01917792538445044,0.0010642076655278498,0.013855217238792876,202.03131612141928,202.31509529667906,200.4819076538086,201.9030851666078,-0.1545257146796164,52942050.0,4,23,6,0
2025-06-09,201.02676391601562,-0.012112531599563048,-0.012186486101306848,0.016265235095852055,203.49156188964844,-0.0022161650182514507,202.39389038085938,0.0020393744972726016,0.02011840499494005,-0.002259232695490616,0.016056437374562468,201.5756072998047,201.67092960634733,201.0986083984375,201.7437540301365,0.5633167910023451,52385020.0,0,24,6,0
2025-06-10,202.2441864013672,0.006056021902935083,0.006037757903318231,-0.012186486101306848,201.02676391601562,-0.010856447081017082,200.20849609375,-0.00307436409899431,0.01288648651766862,0.0033721689659544883,0.014411944110961103,202.2541707356771,201.95755800385726,201.3440902709961,201.83474173399662,-0.24964796754439178,52223430.0,1,24,6,0
2025-06-11,198.36236572265625,-0.01919373183369144,-0.019380322949579247,0.006037757903318231,202.2441864013672,0.016265235095852055,203.49156188964844,-0.00667128252313051,0.01797329733583172,-0.008509683715855946,0.013101864958751288,200.54443868001303,200.15996186325674,201.18043518066406,201.20340064102564,0.1155478246873205,53788450.0,2,24,6,0
2025-06-12,198.78147888183594,0.0021128663073402,0.002110637344438744,-0.019380322949579247,198.36236572265625,-0.012186486101306848,201.02676391601562,-0.008634842802570254,0.015196403758110927,-0.003743975900607415,0.013683094706531654,199.79601033528647,199.47072037254634,201.1055923461914,200.76305123026387,-0.2801332679673192,53039230.0,3,24,6,0
2025-06-13,196.03726196289062,-0.013805194198080128,-0.013901372087019841,0.002110637344438744,198.78147888183594,0.006037757903318231,202.2441864013672,-0.005895367371290551,0.01132220044940727,-0.01039035256405344,0.01116739840597425,197.72703552246094,197.75399116771848,200.66651611328126,199.90381681801418,0.1717974881903035,51101970.0,4,24,6,0
2025-06-16,198.0031280517578,0.010028022576847206,0.009978075593870499,-0.013901372087019841,196.03726196289062,-0.019380322949579247,198.36236572265625,-0.001961648246574673,0.01688531938614689,-0.0006042197162368571,0.012169011547000183,197.60728963216147,197.87855960973815,200.33920593261718,199.5582370423312,-0.1637909083664254,51861710.0,0,25,6,0
2025-06-17,195.2289581298828,-0.014010737856372857,-0.014109814759666576,0.009978075593870499,198.0031280517578,0.002110637344438744,198.78147888183594,-0.0020658695828980403,0.017032710613464046,-0.006011037084271964,0.013847369976378218,196.4231160481771,196.55375886981048,199.57780914306642,198.77109542188603,-0.09680223706262336,51109170.0,1,25,6,0
2025-06-18,196.16697692871094,0.004804711390223648,0.00479320560438685,-0.014109814759666576,195.2289581298828,-0.013901372087019841,196.03726196289062,-0.004658304577639865,0.013366453884329528,0.0002204888128636001,0.01267828535578132,196.4663543701172,196.36036789926072,198.95511779785156,198.29761933221783,0.16827430371472252,51288240.0,2,25,6,0
2025-06-20,200.57769775390625,0.022484522595249024,0.022235471994094525,0.00479320560438685,196.16697692871094,0.009978075593870499,198.0031280517578,0.013514338799240685,0.012333544843424395,0.0043062876129382754,0.01817753515059404,197.32454427083334,198.4690328265835,198.99203796386718,198.71217904525207,1.1327049192967462,55456980.0,4,25,6,0
2025-06-23,201.07666015625,0.002487626530422782,0.0024845375093719172,0.022235471994094525,200.57769775390625,-0.014109814759666576,195.2289581298828,0.012360004751733222,0.013966019708918496,0.00983773836928444,0.010798626596333882,199.2737782796224,199.77284649141674,198.75054779052735,199.14208470179713,-0.4234863939429935,56377640.0,0,26,6,0
2025-06-24,199.87918090820312,-0.0059553368706062315,-0.0059731406092594416,0.0024845375093719172,201.07666015625,0.00479320560438685,196.16697692871094,-0.0017443015499437639,0.005980481550777193,0.0062489562980690095,0.014476173281086788,200.51117960611978,199.82601369980995,198.6357894897461,199.27610219387094,-0.031359346977387514,54497780.0,1,26,6,0
2025-06-25,201.13653564453125,0.006290573788700682,0.006270870715325791,-0.0059731406092594416,199.87918090820312,0.022235471994094525,200.57769775390625,0.0001488650530331731,0.008657823436539008,0.0009274225384794315,0.0062687645197104045,200.69745890299478,200.4812746721706,198.5250244140625,199.6143628212637,-0.26890907073098547,52983090.0,2,26,6,0
2025-06-26,200.57769775390625,-0.0027784006959959973,-0.0027822676154383684,0.006270870715325791,201.13653564453125,0.0024845375093719172,201.07666015625,0.0017443015499437097,0.006401535504703065,-0.0008281791697906637,0.006351598190157117,200.53113810221353,200.5294862130384,198.7465576171875,199.7895146271987,0.2852169601044383,51964010.0,3,26,6,0
2025-06-27,200.65753173828125,0.0003980202448676806,0.0003979410558218838,-0.0027822676154383684,200.57769775390625,-0.0059731406092594416,199.87918090820312,-0.001192163279808244,0.002248747117036049,0.0012955147185697781,0.004592826718812265,200.79058837890625,200.59350897565983,198.93416290283204,199.9473359201228,0.4407459974684591,54892410.0,4,26,6,0
2025-06-30,204.7389373779297,0.020340156705265455,0.020136058667707676,0.0003979410558218838,200.65753173828125,0.006270870715325791,201.13653564453125,0.010266999861764778,0.013956956811221985,0.005917244036030406,0.012416096365029303,201.99138895670572,202.66622317679474,199.80433044433593,200.8185361851786,0.2558349251112879,58938960.0,0,27,6,1
2025-07-01,207.3833770751953,0.01291615425542747,0.012833452102963735,0.020136058667707676,204.7389373779297,-0.0027822676154383684,200.57769775390625,0.016484755385335705,0.005163722622267575,0.011122483942164441,0.009979673378954603,204.25994873046875,205.02480012599503,200.7423553466797,202.01214361972708,-0.14278642365372396,62515780.0,1,27,7,0
2025-07-02,211.99366760253906,0.022230762139012317,0.021987260950303646,0.012833452102963735,207.3833770751953,0.0003979410558218838,200.65753173828125,0.01741035652663369,0.0064727203096392495,0.018318923906991694,0.0048398903042699394,208.03866068522134,208.50923386426706,202.4188262939453,203.82696616205652,-0.137672946316042,65424340.0,2,27,7,0
2025-07-03,213.10134887695312,0.00522506774348952,0.005211464441900341,0.021987260950303646,211.99366760253906,0.020136058667707676,204.7389373779297,0.01359936269610199,0.011862279470897475,0.013344059165055917,0.00839954622594206,210.82613118489584,210.8052913706101,204.11226348876954,205.513217564765,-0.48550376940263573,64380450.0,3,27,7,0
2025-07-07,209.50889587402344,-0.016857955249283796,-0.01700166800192762,0.005211464441900341,213.10134887695312,0.012833452102963735,207.3833770751953,-0.00589510178001364,0.015707056582425615,0.003399019130092131,0.01955755260038332,211.53463745117188,210.15709362231678,205.00538330078126,206.2397045300847,0.43692892166679065,59722000.0,0,28,7,0
2025-07-08,209.5687713623047,0.00028578971805215403,0.00028574888794971224,-0.01700166800192762,209.50889587402344,0.021987260950303646,211.99366760253906,-0.008357959556988955,0.012224049712031067,-0.0038348182240258454,0.011665766937282157,210.7263387044271,209.86293249231073,205.8545944213867,206.84498940867016,-0.14692906488283664,58425460.0,1,28,7,0
2025-07-09,210.69639587402344,0.00538068961510163,0.005366265423001007,0.00028574888794971224,209.5687713623047,0.005211464441900341,213.10134887695312,0.002826007155475358,0.003592467693864893,-0.00378321789699229,0.011725974562834203,209.92468770345053,210.27966418316709,206.93631591796876,207.54524512964346,0.13770481856010308,57894000.0,2,28,7,0
2025-07-10,211.96372985839844,0.006014977043711456,0.005996959284133512,0.005366265423001007,210.69639587402344,-0.01700166800192762,209.50889587402344,0.005681612353567258,0.00044596790605722824,0.00388299119836142,0.0031312230623965305,210.7429656982422,211.12169702078276,208.01903533935547,208.34860598941708,-0.08832518964335967,58385790.0,3,28,7,0
2025-07-11,210.7163543701172,-0.005884853456365136,-0.0059022374414882195,0.005996959284133512,211.96372985839844,0.00028574888794971224,209.5687713623047,4.7360921322644675e-05,0.008414002695359787,0.0018203290885487758,0.006695369223930625,211.12549336751303,210.91902569545,209.03290100097655,208.77910569499892,-0.10525249979749618,57282460.0,4,28,7,0
2025-07-14,208.1816864013672,-0.01202881464197092,-0.012101746276944433,-0.0059022374414882195,210.7163543701172,0.005366265423001007,210.69639587402344,-0.009001991859216327,0.004383714737576877,-0.004002341478099704,0.009197716523704533,210.2872568766276,209.5503560484086,209.78531646728516,208.6704840052477,-0.02327879735853422,53847610.0,0,29,7,0
2025-07-15,208.67066955566406,0.0023488288655426626,0.0023460746789217817,-0.012101746276944433,208.1816864013672,0.005996959284133512,211.96372985839844,-0.004877835799011327,0.01021615217126204,-0.0052193030131702815,0.007248081274946643,209.18957010904947,209.11051280203634,210.1784896850586,208.670517741687,0.08898535276685693,48885960.0,1,29,7,0
2025-07-16,209.71847534179688,0.00502133715468478,0.005008772285350937,0.0023460746789217817,208.67066955566406,-0.0059022374414882195,210.7163543701172,0.0036774234821363577,0.0018828115337547364,-0.001582299770890562,0.00920687545973777,208.85694376627603,209.4144940719166,210.41199951171876,208.8610554871615,0.12280506805559832,45756120.0,2,29,7,0
2025-07-17,209.57875061035156,-0.0006662490332222104,-0.000666471075738564,0.005008772285350937,209.71847534179688,-0.012101746276944433,208.1816864013672,0.002171150604806185,0.004013003065510093,0.002229458629511394,0.0028394182994298197,209.3226318359375,209.49662234113407,210.1705078125,208.9915455095597,0.012162432486497288,43768750.0,3,29,7,0
2025-07-18,210.73631286621094,0.005523280640275852,0.005508083259677811,-0.000666471075738564,209.57875061035156,0.0023460746789217817,208.67066955566406,0.0024208060919696218,0.004366069241377504,0.0032834614897634035,0.003429840129843484,210.01117960611978,210.1164676036725,209.9340042114258,209.30877593804172,0.01885866094145605,45170630.0,4,29,7,0
2025-07-21,212.0335693359375,0.006155827878369324,0.006136958169460124,0.005508083259677811,210.73631286621094,0.005008772285350937,209.71847534179688,0.005822520714568966,0.00044468171322284634,0.0036595234511331335,0.0037595933819943323,210.78287760416666,211.075018469805,210.18647155761718,209.80419291947732,0.04906216691917842,45285470.0,0,30,7,0
2025-07-22,213.94955444335938,0.0090362347501034,0.008995652272855478,0.006136958169460124,212.0335693359375,-0.000666471075738564,209.57875061035156,0.007566305221157799,0.0020214019858483174,0.006880231233997815,0.0018587967994845801,212.23981221516928,212.5122864565822,210.62454986572266,210.5578950147286,-0.09679937092963053,45640990.0,1,30,7,0
2025-07-23,213.7000732421875,-0.001166074880693091,-0.0011667552749853407,0.008995652272855478,213.94955444335938,0.005508083259677811,210.73631286621094,0.003914448498935067,0.007185907290259462,0.004655285055776764,0.005240720198977092,213.22773234049478,213.10617984938483,210.92491760253907,211.12920014699384,0.012610954635474014,45464980.0,2,30,7,0
2025-07-24,213.31088256835938,-0.0018212004700020046,-0.001822860871833955,-0.0011667552749853407,213.7000732421875,0.006136958169460124,212.0335693359375,-0.0014948080734096497,0.0004639367167043964,0.0020020120420120705,0.006065547905788226,213.65350341796875,213.2085312088721,211.05963287353515,211.5258696781512,-0.02057276869414948,45622880.0,3,30,7,0
2025-07-25,213.43064880371094,0.0005614633154649162,0.0005613057539115393,-0.001822860871833955,213.31088256835938,0.008995652272855478,213.94955444335938,-0.0006307775589612096,0.0016858603885428034,-0.0008094367976359089,0.0012315924632463776,213.48053487141928,213.31959000629152,211.33106231689453,211.87219315552568,-0.1250211852437716,45673180.0,4,30,7,0
2025-07-28,213.6002960205078,0.0007948587409902785,0.0007945430080788463,0.0005613057539115393,213.43064880371094,-0.0011667552749853407,213.7000732421875,0.000677924380995191,0.00016492364404182625,-0.00015567070328117996,0.0014485310482610595,213.44727579752603,213.45994301339965,211.8729232788086,212.18639367643152,-0.059867689129052715,45574970.0,0,31,7,0
2025-07-29,210.8261260986328,-0.012987668901023652,-0.013072746112031753,0.0007945430080788463,213.6002960205078,-0.001822860871833955,213.31088256835938,-0.006139101551976455,0.00980565417350457,-0.0039056324500137793,0.007939809794538797,212.61902364095053,212.14303455601623,212.08846893310547,211.93907229864993,0.3580141581700036,46486510.0,1,31,7,0
2025-07-30,208.6107940673828,-0.010507862911703691,-0.010563460319450515,-0.013072746112031753,210.8261260986328,0.0005613057539115393,213.43064880371094,-0.011818103215741137,0.0017743329998689903,-0.007613887807801131,0.007389209050114669,211.0124053955078,210.37691431169952,211.97770080566406,211.3339308020559,-0.11474430917475986,46288710.0,2,31,7,0
2025-07-31,207.1339111328125,-0.007079609380583052,-0.007104788725402036,-0.010563460319450515,208.6107940673828,0.0007945430080788463,213.6002960205078,-0.008834124522426278,0.0024456501380487375,-0.01024699838562809,0.0029965379955591755,208.85694376627603,208.755412722256,211.73321685791015,210.57029086219345,0.77310409228234,49551740.0,3,31,7,1
2025-08-01,201.95481872558594,-0.025003594915492977,-0.02532149508390053,-0.007104788725402036,207.1339111328125,-0.013072746112031753,210.8261260986328,-0.016213141904651285,0.012881156596978355,-0.014329914709584349,0.009674798790810193,205.89984130859375,205.35511572392096,210.85506744384764,209.00384138281026,0.29413346485184344,55097730.0,4,31,8,0
2025-08-04,202.9227752685547,0.004792936108565904,0.0047814865603557875,-0.02532149508390053,201.95481872558594,-0.010563460319450515,208.6107940673828,-0.01027000426177237,0.021286022454587782,-0.009214932416315581,0.015162021823155339,204.00383504231772,204.13894549623782,209.94398803710936,207.89819299840013,-0.28079992722711367,57470920.0,0,32,8,0
2025-08-05,202.49366760253906,-0.0021146353111312077,-0.002116874309380778,0.0047814865603557875,202.9227752685547,-0.007104788725402036,207.1339111328125,0.001332306125487503,0.00487787775006247,-0.007552294277641831,0.015770390567203474,202.45708719889322,203.31630654938846,208.79839935302735,206.91555201733448,-0.4121220674403836,57246020.0,1,32,8,0
2025-08-06,212.80197143554688,0.05090679602505532,0.04965340673029391,-0.002116874309380778,202.49366760253906,-0.02532149508390053,201.95481872558594,0.023768266210456565,0.03660711678708728,0.017439339660422982,0.028110610693453282,206.07280476888022,208.05913899246767,208.70858917236328,207.9858100933731,1.4568645524526045,63395400.0,2,32,8,0
2025-08-07,219.56771850585938,0.031793629657992595,0.03129867580081725,0.04965340673029391,212.80197143554688,0.0047814865603557875,202.9227752685547,0.04047604126555558,0.012978754707087235,0.026278402740576804,0.02624772096642415,211.6211191813151,213.8134287491635,209.3342727661133,210.09161162291605,-0.16830547799611184,67815620.0,3,32,8,0
2025-08-08,228.86814880371094,0.04235791290787305,0.0414853708290865,0.03129867580081725,219.56771850585938,-0.002116874309380778,202.49366760253906,0.03639202331495187,0.007203081132368174,0.04081248445339923,0.009195847917909264,220.41261291503906,221.34078877643722,210.87802276611328,213.50552747396964,0.26189251735664687,75174140.0,4,32,8,0
2025-08-11,226.95997619628906,-0.008337431911761617,-0.008372382699321376,0.0414853708290865,228.86814880371094,0.04965340673029391,212.80197143554688,0.01655649406488256,0.035254755614664686,0.02147055464352747,0.026341846382451004,225.13194783528647,224.15038248636313,212.2139907836914,215.9517908780277,-0.45714599399230593,77568950.0,0,33,8,0
2025-08-12,229.42758178710938,0.010872426196794072,0.010813746316393955,-0.008372382699321376,226.95997619628906,0.03129867580081725,219.56771850585938,0.001220681808536286,0.013566641931732216,0.014642244815386373,0.025148398503532225,228.41856892903647,226.78898213673625,214.07413635253906,218.4019346796789,-0.09998851246074414,77990400.0,1,33,8,0
2025-08-13,233.10403442382812,0.016024457949132653,0.015897421651124705,0.010813746316393955,229.42758178710938,0.0414853708290865,228.86814880371094,0.013355583983759326,0.003594701302538507,0.0061129284227324394,0.01279957489349796,229.83053080240884,229.9465082802822,216.5234603881836,221.07504372406964,0.2562155962478112,80427000.0,2,33,8,0
2025-08-14,232.5545654296875,-0.0023571835446725142,-0.002359966075287742,0.015897421651124705,233.10403442382812,-0.008372382699321376,226.95997619628906,0.006768727787918477,0.01290992266809819,0.008117067297410317,0.009422691226327707,231.69539388020834,231.25053685498483,219.0655258178711,223.16222948872743,-0.25704902080038927,77548790.0,3,33,8,0
2025-08-15,231.36570739746094,-0.005112168105708581,-0.005125279942778476,-0.002359966075287742,232.5545654296875,0.010813746316393955,229.42758178710938,-0.0037426230090331124,0.001955372187811458,0.0028040585443528405,0.011423171988583966,232.34143575032553,231.30812212622288,222.0066146850586,224.65377092667896,0.07940473415863614,72709210.0,4,33,8,0
2025-08-18,230.66639709472656,-0.0030225322092916063,-0.003027109285002345,-0.005125279942778476,231.36570739746094,0.015897421651124705,233.10403442382812,-0.004076194613890414,0.0014836307001995718,-0.003504118434356176,0.0014430500659587135,231.52888997395834,230.98725961047472,224.78097686767578,225.74697568450577,-0.33124430081354495,68945900.0,0,34,8,0
2025-08-19,230.3367156982422,-0.001429256279357305,-0.0014302786403733944,-0.003027109285002345,230.66639709472656,-0.002359966075287742,232.5545654296875,-0.0022286939626878733,0.0011291297772228132,-0.0031942226227180607,0.0018531604914117773,230.78960673014322,230.66198765435846,227.5652816772461,226.58147386882146,0.051403290621781395,68470650.0,1,34,8,0
2025-08-20,225.79110717773438,-0.019734624185850147,-0.01993195232786829,-0.0014302786403733944,230.3367156982422,-0.005125279942778476,231.36570739746094,-0.010681115484120846,0.01308265892772831,-0.008129780084414666,0.010252117794632504,228.93140665690103,228.2265474160464,228.86419525146485,226.43777083407835,0.07261703542405828,61848730.0,2,34,8,0
2025-08-21,224.68218994140625,-0.004911252928377019,-0.004923352764199667,-0.01993195232786829,225.79110717773438,-0.003027109285002345,230.66639709472656,-0.012427652546033983,0.010612682527583489,-0.008761861244147106,0.00982998437550184,226.9366709391276,226.45436867872633,229.37564239501953,226.11857430813797,-0.2754762338544242,55888370.0,3,34,8,0
2025-08-22,227.53941345214844,0.012716733406805902,0.012636554777213866,-0.004923352764199667,224.68218994140625,-0.0014302786403733944,230.3367156982422,0.0038566010065070964,0.012416729699542214,-0.00407291677161802,0.016300900122280342,226.00423685709634,226.99689106543738,229.24276885986328,226.37690869795804,0.38720233041161034,48750750.0,4,34,8,0
2025-08-25,226.94000244140625,-0.002634317288807808,-0.0026377932083888694,0.012636554777213866,227.53941345214844,-0.01993195232786829,225.79110717773438,0.004999380784412495,0.010800595038822669,0.0016918029348751203,0.009547074959828102,226.38720194498697,226.9684467534218,229.240771484375,226.47928937858498,-0.2706048806670779,45668450.0,0,35,8,0
2025-08-26,229.08792114257812,0.00946469850209164,0.009420188869658648,-0.0026377932083888694,226.94000244140625,-0.004923352764199667,224.68218994140625,0.003391197830634886,0.008526280894813127,0.006472983479494559,0.008052387304718087,227.85577901204428,228.02818394799996,229.20680541992186,226.95358606294735,0.7614473696950919,45563340.0,1,35,8,0
2025-08-27,230.26678466796875,0.005145899965004919,0.005132705068832231,0.009420188869658648,229.08792114257812,0.012636554777213866,227.53941345214844,0.007276446969245436,0.00303170886979142,0.003971700243367348,0.006112256711084498,228.76490275065103,229.14748430798437,228.92308044433594,227.55598580931488,-0.42722047233994986,41701440.0,2,35,8,0
2025-08-28,232.33477783203125,0.008980857430412437,0.008940769368325639,0.005132705068832231,230.26678466796875,-0.0026377932083888694,226.94000244140625,0.007036737218578931,0.0026927080893657264,0.007831221102272183,0.0023492450599326975,230.56316121419272,230.7411310700078,228.9011016845703,228.42485708617238,0.21802012188294762,40317280.0,3,35,8,0
2025-08-29,231.91517639160156,-0.0018060207961334562,-0.00180765361792773,0.008940769368325639,232.33477783203125,0.009420188869658648,229.08792114257812,0.003566557875198951,0.007600282780640971,0.0040886069397433914,0.005449748145578307,231.50557963053384,231.32815373080467,228.95604858398437,229.0594605962504,0.03529115134196714,38655250.0,4,35,8,0
2025-09-02,229.49752807617188,-0.010424709383172748,-0.010479427277002538,-0.00180765361792773,231.91517639160156,0.005132705068832231,230.26678466796875,-0.006143540447465137,0.006131869959246551,-0.0011154371755348654,0.00972858582416515,231.24916076660156,230.41284090348827,228.83916168212892,229.13910922896338,0.11814787003023963,39315190.0,1,36,9,0
2025-09-03,238.2390594482422,0.038089871578786294,0.037382362478189754,-0.010479427277002538,229.49752807617188,0.008940769368325639,232.33477783203125,0.013451467600593604,0.03384339609562125,0.008365093861086506,0.02550100631536733,233.21725463867188,234.32595017586522,229.6293960571289,230.7936456324686,0.5071331984136347,42017710.0,2,36,9,0
2025-09-04,239.5477752685547,0.005493288226302795,0.0054782551474289055,0.037382362478189754,238.2390594482422,-0.00180765361792773,231.91517639160156,0.021430308812809325,0.02255961064128436,0.010793730116205385,0.024369621155248364,235.7614542643229,236.93686272220995,231.00506286621095,232.38530556630243,-0.28419426806246784,42546260.0,3,36,9,0
2025-09-05,239.45787048339844,-0.00037531045761318715,-0.00037538090420976503,0.0054782551474289055,239.5477752685547,-0.010479427277002538,229.49752807617188,0.0025514371216095668,0.004139145746711479,0.014161745573802976,0.020321516941938306,239.0815684000651,238.1973666028042,232.48263092041014,233.67122646031987,0.1539661909508847,44971180.0,4,36,9,0
2025-09-08,237.64962768554688,-0.007551402650500583,-0.007580058845623845,-0.00037538090420976503,239.45787048339844,0.037382362478189754,238.2390594482422,-0.0039777198749168085,0.005094476628638855,-0.0008257282008015567,0.006540795104645464,238.88509114583334,237.92349714417554,233.49365234375,234.39457213763384,-0.10699575727532518,45623350.0,0,37,9,0
2025-09-09,234.123046875,-0.014839412310012845,-0.014950617910709828,-0.007580058845623845,237.64962768554688,0.0054782551474289055,239.5477752685547,-0.01126533837816684,0.0052117722960581545,-0.007635352553514468,0.007287775826307734,237.07684834798178,236.02327200958777,234.2119567871094,234.34520390806404,0.3533587077419158,49156430.0,1,37,9,0
2025-09-10,226.5703582763672,-0.03225948363240483,-0.032791289244217724,-0.014950617910709828,234.123046875,-0.00037538090420976503,239.45787048339844,-0.02387095357746378,0.012615259680843864,-0.01844065533351712,0.012962901120590106,232.78101094563803,231.2968151429775,233.96020050048827,232.93159561139186,0.2582701364269029,52043000.0,2,37,9,0
2025-09-11,229.80722045898438,0.014286344459361722,0.014185256289725688,-0.032791289244217724,226.5703582763672,-0.007580058845623845,237.64962768554688,-0.009303016477246021,0.03321743390376999,-0.01118555028840061,0.02371351425297586,230.16687520345053,230.55201780098093,233.91424407958985,232.36352740186322,-0.3982727874133517,53937910.0,3,37,9,0
2025-09-12,233.84332275390625,0.017562991653877313,0.017410544677714683,0.014185256289725688,229.80722045898438,-0.014950617910709828,234.123046875,0.015797900483720182,0.0022806232904285387,-0.00039849609225910593,0.028099295497140325,230.0736338297526,232.1976702774436,234.06509857177736,232.63258110223467,0.11184538107017516,55712860.0,4,37,9,0
2025-09-15,236.47076416015625,0.011235905200573493,0.011173251296468912,0.017410544677714683,233.84332275390625,-0.032791289244217724,226.5703582763672,0.014291897987091795,0.004410432446128501,0.01425635075463644,0.0031192543977917896,233.37376912434897,234.33421721879992,234.52065734863282,233.3304325673113,-0.23510771314232892,56040970.0,0,38,9,0
2025-09-16,237.9193572998047,0.006125886829152938,0.006107199861764178,0.011173251296468912,236.47076416015625,0.014185256289725688,229.80722045898438,0.00864022557911654,0.003582239323319178,0.01156366527864927,0.005661776957385799,236.07781473795572,236.12678725930232,235.3628402709961,234.16478251867372,0.48528905490696617,57975520.0,1,38,9,0
2025-09-17,238.75856018066406,0.003527257682534257,0.003521051498746078,0.006107199861764178,237.9193572998047,0.017410544677714683,233.84332275390625,0.004814125680255125,0.0018286830446439235,0.0069338342189930674,0.003892497104235945,237.71622721354166,237.4426737199832,235.41479034423827,235.00001482085378,-0.2666793858826163,55983540.0,2,38,9,0
2025-09-18,237.64962768554688,-0.004644576907642972,-0.004655396469492138,0.003521051498746078,238.75856018066406,0.011173251296468912,236.47076416015625,-0.0005671724853730333,0.005781621804360035,0.001657618297006051,0.005618065273775989,238.10918172200522,237.54615070276503,235.2249755859375,235.48176261443433,-0.04855938763223533,55653560.0,3,38,9,0
2025-09-19,245.26223754882812,0.03203291306373979,0.03153055905443974,-0.004655396469492138,237.64962768554688,0.006107199861764178,237.9193572998047,0.013437581292473796,0.02558733453468698,0.010132071361231237,0.018977224033341348,240.5568084716797,241.40419412579658,235.80541229248047,237.2600307843241,2.7004018115417994,66540650.0,4,38,9,0
2025-09-22,255.8319854736328,0.043095700465100695,0.04219292680949939,0.03153055905443974,245.26223754882812,0.003521051498746078,238.75856018066406,0.03686174293196956,0.0075394325431071526,0.023022696464815678,0.024555633628480723,246.2479502360026,248.6180897997147,237.62364807128907,240.63674981874385,-0.35558469366006007,72192440.0,0,39,9,0
2025-09-23,254.18359375,-0.00644325892472386,-0.006464106315850793,0.04219292680949939,255.8319854736328,-0.004655396469492138,237.64962768554688,0.017864410246824294,0.03440571807535354,0.022419793182696126,0.02557598989712143,251.75927225748697,251.40084177485735,239.62970275878905,243.0998123516995,-0.4287653031632698,71588570.0,1,39,9,0
2025-09-24,252.06564331054688,-0.00833236483994404,-0.00836727303900431,-0.006464106315850793,254.18359375,0.03153055905443974,245.26223754882812,-0.007415689677427555,0.0013457420956698065,0.009120515818214775,0.028657351368826245,254.0270741780599,251.7332425427021,242.17923126220703,244.72996343512628,-0.29815745115735826,67474860.0,2,39,9,0
2025-09-25,256.6212158203125,0.018072960876120314,0.0179115863617917,-0.00836727303900431,252.06564331054688,0.04219292680949939,255.8319854736328,0.004772156661393693,0.01858195968415064,0.0010267356689788777,0.014653639414253735,254.29015096028647,254.1772291815073,244.86063079833986,246.89200932334194,0.30490004420417116,67974210.0,3,39,9,0
2025-09-26,255.2126007080078,-0.0054890828406448655,-0.005504203212560821,0.0179115863617917,256.6212158203125,-0.006464106315850793,254.18359375,0.006203691574615436,0.01655746359486185,0.0013467033700755354,0.014416858312569803,254.6331532796224,254.69491494475756,246.99755859375,248.4048441205539,-0.1653161745658227,66999420.0,4,39,9,0
2025-09-29,254.18359375,-0.004031959845059219,-0.004040110110226674,-0.005504203212560821,255.2126007080078,-0.00836727303900431,252.06564331054688,-0.004772156661393751,0.0010352701609479924,0.002789091013001413,0.013116908604306051,255.3391367594401,254.43925434737878,248.7688415527344,249.45552587136225,-0.12910324830769837,66742240.0,0,40,9,0
2025-09-30,254.38340759277344,0.0007861004710238984,0.0007857916558778501,-0.004040110110226674,254.18359375,0.0179115863617917,256.6212158203125,-0.0016271592271744153,0.0034124278641523295,-0.0029195072223032036,0.0032913252628032985,254.59320068359375,254.4113309700761,250.41524658203124,250.35150436616428,-0.06039219790817818,64170560.0,1,40,9,1
2025-10-01,255.20260620117188,0.003220330351537015,0.0032151561931075237,0.0007857916558778501,254.38340759277344,-0.005504203212560821,255.2126007080078,0.0020004739244926834,0.001717820138248521,-1.3054087080422057e-05,0.0036930120733434336,254.5898691813151,254.806968585624,252.05965118408204,251.2335228816202,0.2919985253671331,64391150.0,2,40,10,0
2025-10-02,256.8809814453125,0.006576638338942287,0.006555106605745169,0.0032151561931075237,255.20260620117188,-0.004040110110226674,254.18359375,0.004885131399426343,0.002361701585602335,0.0035186848182435257,0.0028966093915822853,255.48899841308594,255.84397501546823,253.9827865600586,252.26033352956424,-0.12488632607941474,64229210.0,3,40,10,0
2025-10-03,257.7701110839844,0.0034612513299712155,0.003455274986035184,0.006555106605745169,256.8809814453125,0.0007857916558778501,254.38340759277344,0.005005190795890173,0.0021919119588328134,0.004408512594962637,0.0018628777855858524,256.61789957682294,256.8070430497263,255.23357391357422,253.26211126673152,0.15306988942111466,52770640.0,4,40,10,0
2025-10-06,256.44140625,-0.0051546117135026215,-0.005167942554398963,0.003455274986035184,257.7701110839844,0.0032151561931075237,255.20260620117188,-0.000856333784181893,0.006097535598487586,0.0016141463457938082,0.006074519438213293,257.0308329264323,256.62422464986315,255.29451599121094,253.84016490005305,-0.09137310906590501,46685310.0,0,41,10,0
2025-10-07,256.23162841796875,-0.0008180341665524615,-0.0008183689390839821,-0.005167942554398963,256.44140625,0.006555106605745169,256.8809814453125,-0.002993155746741476,0.003075612998658975,-0.0008436788358159092,0.004311664484925916,256.8143819173177,256.427926533916,255.49931945800782,254.274976448765,-0.28453052899308395,43853370.0,1,41,10,0
2025-10-08,257.8100891113281,0.00616028826380699,0.006141391255695327,-0.0008183689390839821,256.23162841796875,0.003455274986035184,257.7701110839844,0.002661511158305669,0.004921293629160408,5.169325407080513e-05,0.005704648452973041,256.8277079264323,257.11900782262205,256.0737640380859,254.91772420559462,0.1421056584407212,43272690.0,2,41,10,0
2025-10-09,253.79396057128906,-0.01557785637436715,-0.015700466177770545,0.006141391255695327,257.8100891113281,-0.005167942554398963,256.44140625,-0.004779537461037612,0.015444525504913455,-0.0034591479537197218,0.011157820996461258,255.94522603352866,255.45648419695556,255.7910385131836,254.71340354481177,0.05000698689477745,41584680.0,3,41,10,0
2025-10-10,245.032470703125,-0.03452205816262133,-0.0351320237366643,-0.015700466177770545,253.79396057128906,-0.0008183689390839821,256.23162841796875,-0.025416244957217424,0.013740186118910468,-0.014897032886246492,0.02064843396176414,252.21217346191406,250.24447745004028,254.7730255126953,252.95323393723234,0.6178461458170241,43176960.0,4,41,10,0
2025-10-13,247.42015075683594,0.009744341420789837,0.009697171504895576,-0.0351320237366643,245.032470703125,0.006141391255695327,257.8100891113281,-0.012717426115884365,0.031699027950442674,-0.013711772803179744,0.022480666415946916,248.74886067708334,248.8323141034381,254.0966812133789,251.94721881352388,-0.3847830049145875,42978480.0,0,42,10,0
2025-10-14,247.53004455566406,0.00044415864468594357,0.0004440600354328066,0.009697171504895576,247.42015075683594,-0.015700466177770545,253.79396057128906,0.005070615770164188,0.006542937867131944,-0.008330264065445294,0.02366760991464739,246.660888671875,248.18117932955107,253.41134490966797,251.14409622118572,-0.06986621363346779,42755850.0,1,42,10,0
2025-10-15,249.09852600097656,0.006336529564029414,0.0063165381668474005,0.0004440600354328066,247.53004455566406,-0.0351320237366643,245.032470703125,0.0033802991011401,0.004152469109092664,0.005485923235725273,0.0046821425479616095,248.01624043782553,248.63985266526382,252.80093688964843,250.77217436296587,-0.04465866170584587,41273820.0,2,42,10,0
2025-10-16,247.21035766601562,-0.007580006053321764,-0.007608880303073058,0.0063165381668474005,249.09852600097656,0.009697171504895576,247.42015075683594,-0.0006461710681128323,0.009846757830941041,-0.00028276070026427214,0.006991103001457213,247.9463094075521,247.9251051656397,251.83387451171876,250.12457132715673,0.1735843935138197,40988500.0,3,42,10,0
2025-10-17,252.045654296875,0.019559441912186948,0.019370614298066767,-0.007608880303073058,247.21035766601562,0.0004440600354328066,247.53004455566406,0.005880866997496851,0.01907738358545175,0.006026090720613715,0.013492092203305807,249.4515126546224,249.98537973125735,251.2614288330078,250.47385913983277,0.23556326520350956,40987640.0,4,42,10,0
2025-10-20,261.98602294921875,0.03943876231500254,0.03868091586874815,0.019370614298066767,252.045654296875,0.0063165381668474005,249.09852600097656,0.029025765083407457,0.013654445187385891,0.0168142166212473,0.02325054158979375,253.74734497070312,255.98570134023805,251.81589050292968,252.5669798324484,0.8410686308421673,45569530.0,0,43,10,0
2025-10-21,262.5155029296875,0.0020210237725979407,0.0020189842515379616,0.03868091586874815,261.98602294921875,-0.007608880303073058,247.21035766601562,0.020349950060143052,0.025923900457926745,0.02002350480611764,0.01833968393914903,258.84906005859375,259.2506021349628,252.44427795410155,254.3758022137646,-0.48392626239183056,47043540.0,1,43,10,0
2025-10-22,258.19970703125,-0.016440156296572916,-0.01657679531385159,0.0020189842515379616,262.5155029296875,0.019370614298066767,252.045654296875,-0.007278905531156817,0.01314920183213711,0.008041034935478187,0.02811676514314663,260.90041097005206,258.72515458310636,252.48323974609374,255.07105763512556,-0.03599031178326151,47895380.0,2,43,10,0
2025-10-23,259.3285827636719,0.004372103072468825,0.004362573196799657,-0.01657679531385159,258.19970703125,0.03868091586874815,261.98602294921875,-0.006107111058525969,0.014806369467645488,-0.003398412621837978,0.011472812648560298,260.0145975748698,259.0268686733891,253.03670196533204,255.84515311304304,-0.2723607306849005,47338670.0,3,43,10,0
2025-10-24,262.56549072265625,0.012481878875396424,0.012404622431380775,0.004362573196799657,259.3285827636719,0.0020189842515379616,262.5155029296875,0.008383597814090213,0.00568658754840813,6.346677144295973e-05,0.014961362928334075,260.03126017252606,260.7961796980227,254.79000396728514,257.06703267842727,0.16787717257570622,44964130.0,4,43,10,0
2025-10-27,268.5496520996094,0.02279111912415832,0.022535281491603727,0.012404622431380775,262.56549072265625,-0.01657679531385159,258.19970703125,0.017469951961492248,0.007163457719372334,0.013100825706594732,0.009106336032803131,263.4812418619792,264.67291589881603,256.9029541015625,259.15478166409673,0.17343420375022545,45638660.0,0,44,10,0
2025-10-28,268.7394714355469,0.0007068314349076843,0.0007065817472201407,0.022535281491603727,268.5496520996094,0.004362573196799657,259.3285827636719,0.01162093161941193,0.015435221613738587,0.011882161890068228,0.010923724497420236,266.6182047526042,266.7061936671814,259.0238967895508,260.8974525316331,-0.07470560191765319,46244340.0,1,44,10,0
2025-10-29,269.4388122558594,0.0026023003490212027,0.0025989202282576647,0.0007065817472201407,268.7394714355469,0.012404622431380775,262.56549072265625,0.0016527509877388993,0.0013380853722409442,0.008613594489027189,0.012093604217932302,268.90931193033856,268.0725029615204,261.05792541503905,262.45042702694695,0.2299734198792338,47963650.0,2,44,10,0
2025-10-30,271.13714599609375,0.006303226049785504,0.006283443804923906,0.0025989202282576647,269.4388122558594,0.022535281491603727,268.5496520996094,0.004441182016590782,0.0026053516065018914,0.0031963152601339156,0.0028360197849717416,269.7718098958333,269.6048244788071,263.4506042480469,264.0298304758827,0.36799793292579097,50974600.0,3,44,10,0
2025-10-31,270.108154296875,-0.0037950967413132863,-0.003802316392924,0.006283443804923906,271.13714599609375,0.0007065817472201407,268.7394714355469,0.0012405637059999496,0.007131709429319455,0.0016933492134192018,0.0051034972165481095,270.22803751627606,269.85648938784107,265.25685424804686,265.1349802615176,0.2329577243101315,54676610.0,4,44,10,1
2025-11-03,268.7894287109375,-0.004882213161503057,-0.0048941700975957455,-0.003802316392924,270.108154296875,0.0025989202282576647,269.4388122558594,-0.0043482432452598765,0.000772057158635685,-0.0008043475618652681,0.006162436691151817,270.01157633463544,269.3229590493893,265.93719482421875,265.7994254341394,-0.41747372256928683,50647770.0,0,45,11,0
2025-11-04,269.7784729003906,0.0036796245826942187,0.0036728713253906245,-0.0048941700975957455,268.7894287109375,0.006283443804923906,271.13714599609375,-0.000610649386102564,0.0060578130848995175,-0.0016745383883763618,0.004663060058939074,269.5586853027344,269.55071597488995,266.6634918212891,266.5228886098214,-0.01832468034410073,50905660.0,1,45,11,0
2025-11-05,269.8783874511719,0.0003703577594871277,0.00037028919398077734,0.0036728713253906245,269.7784729003906,-0.003802316392924,270.108154296875,0.0020215802596856972,0.0023352782205448824,-0.00028366985940810296,0.004320798134422317,269.4820963541667,269.7145517130309,267.83135986328125,267.13297930824876,-0.11347991265312085,50772440.0,2,45,11,0
2025-11-06,269.50872802734375,-0.0013697259247742455,-0.0013706648568130519,0.00037028919398077734,269.8783874511719,-0.0048941700975957455,268.7894287109375,-0.0005001878314161407,0.0012310404150495458,0.0008908318875194618,0.002561745074583169,269.72186279296875,269.61163987018733,268.84937438964846,267.5649336208115,0.1721695575634512,52617350.0,3,45,11,0
2025-11-07,268.2099914550781,-0.004818903572332056,-0.004830551924742772,-0.0013706648568130519,269.50872802734375,0.0036728713253906245,269.7784729003906,-0.003100608390777915,0.002446509607872299,-0.0019436425291916703,0.002647341051949866,269.19903564453125,268.91081566263273,269.4138244628906,267.6822168634054,-0.05813217717365826,53614720.0,4,45,11,0
2025-11-10,269.42999267578125,0.004548679242277531,0.004538365265673548,-0.004830551924742772,268.2099914550781,0.00037028919398077734,269.8783874511719,-0.00014609332953461522,0.006624824877718417,-0.0005542838386274132,0.004737511034854091,269.04957071940106,269.170404169207,269.5018585205078,267.9999942838374,-0.14338322198584208,53257140.0,0,46,11,0
2025-11-11,275.25,0.021601185771556786,0.02137118643594642,0.004538365265673548,269.42999267578125,-0.0013706648568130519,269.50872802734375,0.012954775850809981,0.01190260199600029,0.007026333258959078,0.013276869428905944,270.9633280436198,272.2102020846035,270.1529113769531,269.3181771413215,0.11850921273031823,53724490.0,1,46,11,0
2025-11-12,273.4700012207031,-0.006466843884820661,-0.006487844507194079,0.02137118643594642,275.25,-0.004830551924742772,268.2099914550781,0.007441670964376168,0.019699309697180433,0.006473902398141975,0.014030008170563995,272.71666463216144,272.8401016526533,270.5560302734375,270.07305424666356,0.047387590541093205,53455620.0,2,46,11,0
2025-11-13,272.95001220703125,-0.0019014480979659965,-0.0019032581452385258,-0.006487844507194079,273.4700012207031,0.004538365265673548,269.42999267578125,-0.004195551326216306,0.0032417921054738027,0.004326694594504617,0.014937892576508044,273.89000447591144,272.89505692984227,270.73731689453126,270.59613751218495,0.02489359064424157,51427250.0,3,46,11,0
2025-11-14,272.4100036621094,-0.0019784155368063328,-0.0019803751859178826,-0.0019032581452385258,272.95001220703125,0.02137118643594642,275.25,-0.0019418166655782076,5.452998238837762e-05,-0.0034571592794501505,0.0026249336128260398,272.94333902994794,272.6525302959758,270.9675018310547,270.92593135762576,-0.043777770609723654,47553670.0,4,46,11,0
2025-11-17,267.4599914550781,-0.018171183658773127,-0.01833830726819936,-0.0019803751859178826,272.4100036621094,-0.006487844507194079,273.4700012207031,-0.010159341227058624,0.011566804701570137,-0.007407313533118578,0.009466596790123485,270.94000244140625,270.05626087552696,270.8345581054688,270.29576046625345,-0.05087357926095215,47036040.0,0,47,11,0
2025-11-18,267.44000244140625,-7.473646268785217e-05,-7.473925559643532e-05,-0.01833830726819936,267.4599914550781,-0.0019032581452385258,272.95001220703125,-0.0092065232618979,0.012914292790373174,-0.0067978072365712135,0.010039682156808748,269.10333251953125,268.7481316584666,270.6007110595703,269.77653173446305,0.01463849145791829,46676290.0,1,47,11,0
2025-11-19,268.55999755859375,0.004187836924032684,0.004179092340407183,-7.473925559643532e-05,267.44000244140625,-0.0019803751859178826,272.4100036621094,0.0020521765424053704,0.003007913167559326,-0.00474465139446286,0.011963042289567141,267.8199971516927,268.6540646085302,270.4688720703125,269.5553437024868,-0.11499804060222474,46350430.0,2,47,11,0
2025-11-20,266.25,-0.008601420835542606,-0.008638626557415352,0.004179092340407183,268.55999755859375,-0.01833830726819936,267.4599914550781,-0.0022297671085040878,0.009063495951993147,-0.0015114244908681896,0.006528516507204332,267.4166666666667,267.4520323042651,270.14299926757815,268.9543721202165,0.13356009350764997,45812390.0,3,47,11,0
2025-11-21,271.489990234375,0.019680714495305063,0.019489553289023798,-0.008638626557415352,266.25,-7.473925559643532e-05,267.44000244140625,0.0054254633658042195,0.01988962671185183,0.005010006357338555,0.01408248695884575,268.76666259765625,269.47101126932006,270.4709991455078,269.415393595518,0.2882182979949197,46892730.0,4,47,11,0
2025-11-24,275.9200134277344,0.0163174457722548,0.016185746981243,0.019489553289023798,271.489990234375,0.004179092340407183,268.55999755859375,0.017837650135133394,0.0023361438439578977,0.009012224570950494,0.015375083518363003,271.2200012207031,272.69551234852725,271.1200012207031,270.5980517468301,0.11104372632591808,49320070.0,0,48,11,0
2025-11-25,276.9700012207031,0.003805406428931457,0.003798184186466807,0.016185746981243,275.9200134277344,-0.008638626557415352,266.25,0.0099919655838549,0.008759329654560244,0.013157828152244547,0.008272302303737893,274.7933349609375,274.8327567846152,271.29200134277346,271.756588014807,-0.2846896736793635,49390660.0,1,48,11,0
2025-11-26,277.54998779296875,0.0020940411225383038,0.002091851674423675,0.003798184186466807,276.9700012207031,0.019489553289023798,271.489990234375,0.0029450179304452376,0.0012065592902236232,0.007358594280711173,0.007691999821847257,276.81333414713544,276.19137228879197,271.7,272.8099334290182,-0.2873927297065707,47894000.0,2,48,11,0
2025-11-28,278.8500061035156,0.004683906927485104,0.004672971568938359,0.002091851674423675,277.54998779296875,0.016185746981243,275.9200134277344,0.003382411621681013,0.0018251273804660703,0.003521002476609625,0.0013126946532528944,277.7899983723958,277.5206891961538,272.2899993896484,273.908128460745,-0.3977039549644945,44947280.0,4,48,11,0
2025-12-01,283.1000061035156,0.015241168753721723,0.015126188953698135,0.004672971568938359,278.8500061035156,0.003798184186466807,276.9700012207031,0.009899580261318243,0.007391540897980527,0.007297004065686734,0.0069020031139857526,279.8333333333333,280.31034764983474,273.35899963378904,275.5793789412487,1.3136981267009675,44862920.0,0,49,12,0
2025-12-02,286.19000244140625,0.010914857899228636,0.010855720764224917,0.015126188953698135,283.1000061035156,0.002091851674423675,277.54998779296875,0.012990954858961522,0.003019677015617382,0.010218293762287148,0.0052556800996983325,282.7133382161458,283.2501750456205,275.23200073242185,277.5085832140046,0.1520100799137969,45728040.0,1,49,12,0
2025-12-03,284.1499938964844,-0.00712816145749029,-0.007153688178430315,0.010855720764224917,286.19000244140625,0.004672971568938359,278.8500061035156,0.0018510162928972976,0.012734575188513059,0.00627607384649759,0.011824893474106929,284.48000081380206,283.70008447105243,276.9029998779297,278.71611242900093,-0.18876270507457682,45514180.0,2,49,12,0
2025-12-04,280.70001220703125,-0.012141410394363561,-0.012215719407566574,-0.007153688178430315,284.1499938964844,0.015126188953698135,283.1000061035156,-0.009684703792998448,0.003579396608700058,-0.0028378956072573126,0.01212610353898509,283.6800028483073,282.2000483390418,278.11700134277345,279.0768214795519,0.010344819666181948,45870640.0,3,49,12,0
2025-12-05,278.7799987792969,-0.00684009028940924,-0.006863590932648934,-0.012215719407566574,280.70001220703125,0.010855720764224917,286.19000244140625,-0.009539655170107757,0.003784526338395626,-0.008744332839548596,0.003009806078714739,281.2100016276042,280.49002355916934,279.3700012207031,279.02285371586913,0.07448890747935288,46014860.0,4,49,12,0
2025-12-08,277.8900146484375,-0.00319242461710445,-0.00319753127588418,-0.006863590932648934,278.7799987792969,-0.007153688178430315,284.1499938964844,-0.00503056110426656,0.0025922956435323547,-0.0074256138720332175,0.004535287381512223,279.1233418782552,279.1900191038034,280.0100036621094,278.8168829763361,-0.19155499325093406,43932960.0,0,50,12,0
2025-12-09,277.17999267578125,-0.002555046727945598,-0.002558316430519311,-0.00319753127588418,277.8900146484375,-0.012215719407566574,280.70001220703125,-0.002877923853201749,0.00045199315178997597,-0.004206479546350797,0.0023232153567920104,277.9500020345052,278.18500588979236,280.13600158691406,278.5192665580534,-0.15750370304460926,40593710.0,1,50,12,0
2025-12-10,278.7799987792969,0.00577244442526248,0.005755847706403448,-0.002558316430519311,277.17999267578125,-0.006863590932648934,278.7799987792969,0.0015987656379420649,0.005879001841115852,-2.8912057932946786e-18,0.0049949460476686304,277.9500020345052,278.4825023345446,280.31700134277344,278.5666724164613,0.026247697502275402,39206120.0,2,50,12,0
2025-12-11,278.0299987792969,-0.0026902934331158868,-0.002693918776111477,0.005755847706403448,278.7799987792969,-0.00319753127588418,277.8900146484375,0.0015309644651459817,0.005974887179228879,0.00016787083325756473,0.004839804866949371,277.9966634114583,278.25625055692075,280.36500244140626,278.4690953915223,0.006347178880269366,39187780.0,3,50,12,0
2025-12-12,278.2799987792969,0.0008991835452922814,0.0008987795219441775,-0.002693918776111477,278.0299987792969,-0.002558316430519311,277.17999267578125,-0.0008975696270836533,0.0025404213293120236,0.0013202361507453943,0.004240619962898446,278.3633321126302,278.26812466810884,280.30800170898436,278.4347141892995,0.18903091915303172,41127510.0,4,50,12,0
2025-12-15,274.1099853515625,-0.014984955605960026,-0.015098364430199547,0.0008987795219441775,278.2799987792969,0.005755847706403448,278.7799987792969,-0.007099792454127688,0.011311688968178102,-0.005631167894788937,0.008393314479112823,276.80666097005206,276.18905500983567,279.40899963378905,277.64839985516545,0.2751176867874605,41509650.0,0,51,12,0
2025-12-16,274.6099853515625,0.0018240853187405648,0.0018224236954371396,-0.015098364430199547,274.1099853515625,-0.002693918776111477,278.0299987792969,-0.006637970367381207,0.011964804026658423,-0.004125720404272732,0.00951380404094973,275.6666564941406,275.3995201806991,278.25099792480466,277.09596085451034,-0.25313881818957296,39907560.0,1,51,12,0
2025-12-17,271.8399963378906,-0.010086993049891024,-0.010138211482018081,0.0018224236954371396,274.6099853515625,0.0008987795219441775,278.2799987792969,-0.004157893893290474,0.008457446241276811,-0.007804717405593485,0.008698400062753346,273.5199890136719,273.6197582592948,277.01999816894534,276.14033094239767,0.33175470004196694,40567560.0,2,51,12,0
2025-12-18,272.19000244140625,0.001287544541755281,0.0012867163670800797,-0.010138211482018081,271.8399963378906,-0.015098364430199547,274.1099853515625,-0.004425747557469004,0.008078643956664201,-0.0023430238065002755,0.006756142298518176,272.87999471028644,272.90488035035054,276.1689971923828,275.42208939676283,0.029757452825861064,41331720.0,3,51,12,0
2025-12-19,273.6700134277344,0.005437418615868328,0.005422689224387653,0.0012867163670800797,272.19000244140625,0.0018224236954371396,274.6099853515625,0.0033547027957338627,0.0029245744542051757,-0.0011429352968501047,0.008059951185006516,272.56667073567706,273.2874468890425,275.6579986572266,275.10353012966675,1.8012790839558637,51068340.0,4,51,12,0
2025-12-22,270.9700012207031,-0.009865941003960987,-0.009914931893719238,0.005422689224387653,273.6700134277344,-0.010138211482018081,271.8399963378906,-0.002246121334665796,0.010845335899883263,-0.0010685087674171569,0.007935424970742245,272.27667236328125,272.1287240548728,274.96599731445315,274.3519794189461,-0.7471389457381492,50904340.0,0,52,12,0
2025-12-23,272.3599853515625,0.005129660569795913,0.005116548681590436,-0.009914931893719238,270.9700012207031,0.0012867163670800797,272.19000244140625,-0.002399191606064404,0.010628861846075218,0.00020810200408629518,0.008768140736785654,272.3333333333333,272.24435470321765,274.48399658203124,273.98979867942177,-0.18948479429505793,50649210.0,1,52,12,0
2025-12-24,273.80999755859375,0.005323881205087977,0.005309759449072081,0.005116548681590436,272.3599853515625,0.005422689224387653,273.6700134277344,0.005213154065331255,0.00013662064387307574,0.00017045874564777132,0.008734738740319919,272.37999471028644,273.0271761309057,273.98699645996095,273.9571075665439,-0.3957695162269752,49136440.0,2,52,12,0
2025-12-26,273.3999938964844,-0.0014974020881820538,-0.0014985243151121033,0.005309759449072081,273.80999755859375,-0.009914931893719238,270.9700012207031,0.0019056175669799852,0.004814183617896611,0.002975927938516816,0.003876193342401239,273.1899922688802,273.213585013695,273.5239959716797,273.8558141719876,0.20162361953256736,47963820.0,4,52,12,0
2025-12-29,273.760009765625,0.0013168100847762432,0.0013159438507369832,-0.0014985243151121033,273.3999938964844,0.005116548681590436,272.3599853515625,-9.12902321875635e-05,0.0019901295255048716,0.0017090596615656648,0.0034211236434774518,273.6566670735677,273.48679738966,273.0719970703125,273.8383951890126,0.10191526731035516,46382050.0,0,1,12,0
2025-12-30,273.0799865722656,-0.0024840121606569676,-0.0024871024374482713,0.0013159438507369832,273.760009765625,0.005309759449072081,273.80999755859375,-0.0005855792933556475,0.0026891598195416247,-0.000889894300607786,0.0019732240466913027,273.413330078125,273.28339198096285,272.9689971923828,273.7005027132404,-0.06643840237484822,43555100.0,1,1,12,0
